{"cameraMode":{"drawMode":0,"name":"Shaded","section":"Shading Mode"},"sceneLighting":true,"audioPlay":false,"sceneViewState":{"showFog":true,"showMaterialUpdate":false,"showSkybox":true,"showFlares":true,"showImageEffects":true,"showParticleSystems":true},"in2DMode":false,"pivot":{"x":-3.4600000381469728,"y":0.7200000286102295,"z":-5.949999809265137},"rotation":{"x":-0.08450402319431305,"y":0.6871317625045776,"z":-0.08097974210977555,"w":-0.7170469164848328},"size":24.31937599182129,"orthographic":false}