{"cameraMode":{"drawMode":0,"name":"Shaded","section":"Shading Mode"},"sceneLighting":true,"audioPlay":false,"sceneViewState":{"showFog":true,"showMaterialUpdate":false,"showSkybox":true,"showFlares":true,"showImageEffects":true,"showParticleSystems":true},"in2DMode":false,"pivot":{"x":0.034914031624794009,"y":3.6500000953674318,"z":9.999940872192383},"rotation":{"x":-0.006665345747023821,"y":0.941499650478363,"z":-0.018653476610779764,"w":-0.3364354074001312},"size":11.92387866973877,"orthographic":false}