{"cameraMode":{"drawMode":0,"name":"Shaded","section":"Shading Mode"},"sceneLighting":true,"audioPlay":false,"sceneViewState":{"showFog":true,"showMaterialUpdate":false,"showSkybox":true,"showFlares":true,"showImageEffects":true,"showParticleSystems":true},"in2DMode":false,"pivot":{"x":-1.5747637748718262,"y":-0.2216414213180542,"z":-5.964654922485352},"rotation":{"x":0.00018064066534861922,"y":0.9949260950088501,"z":-0.10063949972391129,"w":0.001792453695088625},"size":9.228751182556153,"orthographic":false}