{"cameraMode":{"drawMode":0,"name":"Shaded","section":"Shading Mode"},"sceneLighting":true,"audioPlay":false,"sceneViewState":{"showFog":true,"showMaterialUpdate":false,"showSkybox":true,"showFlares":true,"showImageEffects":true,"showParticleSystems":true},"in2DMode":false,"pivot":{"x":-3.4600000381469728,"y":0.7200000286102295,"z":-5.949999809265137},"rotation":{"x":-0.004913819953799248,"y":0.9945663809776306,"z":-0.05556419864296913,"w":-0.08794740587472916},"size":24.31937599182129,"orthographic":false}