{"cameraMode":{"drawMode":0,"name":"Shaded","section":"Shading Mode"},"sceneLighting":true,"audioPlay":false,"sceneViewState":{"showFog":true,"showMaterialUpdate":false,"showSkybox":true,"showFlares":true,"showImageEffects":true,"showParticleSystems":true},"in2DMode":false,"pivot":{"x":-3.4600000381469728,"y":0.7200000286102295,"z":-5.949999809265137},"rotation":{"x":-0.01512092910706997,"y":0.9820225834846497,"z":-0.16534748673439027,"w":-0.08980841934680939},"size":24.31937599182129,"orthographic":false}